ID,Trip_Order,Total_Duration_POI,Trip_Start_Time,Trip_End_Time,Total_Trip_Duration
'01031,"('LakeMcDonald', 'Avalanche', 'Logan', 'Avalanche', 'LakeMcDonald')",10874.0,2023-07-02 11:50:55,2023-07-02 16:35:41,284.76666666666665
'01061,"('LakeMcDonald', 'Avalanche', 'Logan', 'RisingSun', 'SunPoint', 'Waterfalls', 'Logan', 'Loop', 'Avalanche')",13133.0,2023-07-02 11:21:43,2023-07-02 18:30:55,429.2
'01241,"('LakeMcDonald', 'Avalanche', 'Logan', 'Loop', 'Avalanche', 'LakeMcDonald')",11566.0,2023-07-02 12:05:23,2023-07-02 17:11:19,305.93333333333334
'01341,"('LakeMcDonald', 'Avalanche', 'Logan', 'Loop', 'Avalanche', 'LakeMcDonald', 'Apgar')",14114.0,2023-07-02 12:05:19,2023-07-02 23:34:09,688.8333333333334
'01371,"('LakeMcDonald', 'Avalanche', 'LakeMcDonald', 'Apgar')",61049.0,2023-07-02 12:05:35,2023-07-03 05:44:55,1059.3333333333333
'01401,"('LakeMcDonald', 'Avalanche', 'LakeMcDonald', 'Apgar')",28811.0,2023-07-02 13:29:18,2023-07-03 05:49:52,980.5666666666667
'01501,"('LakeMcDonald', 'Avalanche', 'Logan', 'Loop', 'Avalanche', 'LakeMcDonald', 'Apgar')",32577.0,2023-07-02 12:46:00,2023-07-03 05:33:02,1007.0333333333333
'01511,"('LakeMcDonald', 'Avalanche', 'LakeMcDonald', 'Apgar')",26379.0,2023-07-02 12:05:23,2023-07-03 04:17:02,971.65
'02011,"('Logan', 'Waterfalls', 'LakeMcDonald')",2802.0,2023-07-05 09:25:39,2023-07-05 12:45:07,199.46666666666667
'02021,"('Logan', 'Loop', 'Logan')",33617.0,2023-07-05 09:12:16,2023-07-05 19:06:36,594.3333333333334
'02031,"('LakeMcDonald', 'Logan', 'Waterfalls', 'RisingSun', 'SunPoint', 'LakeMcDonald')",9286.0,2023-07-05 07:54:28,2023-07-05 18:17:24,622.9333333333333
'02061,"('Avalanche', 'Apgar')",26942.0,2023-07-05 09:14:40,2023-07-05 19:02:40,588.0
'02081,"('Apgar', 'Logan', 'SunPoint', 'StMary')",11415.0,2023-07-05 07:17:12,2023-07-05 14:27:57,430.75
'02091,"('Apgar', 'LakeMcDonald', 'Logan', 'Waterfalls', 'RisingSun', 'SunPoint', 'Logan', 'LakeMcDonald', 'Apgar')",11715.0,2023-07-05 07:44:47,2023-07-05 15:38:02,473.25
'02101,"('Apgar', 'Logan', 'StMary')",5940.0,2023-07-05 08:07:35,2023-07-05 23:22:02,914.45
'02111,"('Apgar', 'LakeMcDonald', 'Logan', 'Waterfalls', 'RisingSun', 'SunPoint', 'Logan', 'LakeMcDonald', 'Apgar')",13200.0,2023-07-05 07:21:58,2023-07-05 15:32:43,490.75
'02141,"('Logan',)",9855.0,2023-07-05 09:51:50,2023-07-05 12:55:35,183.75
'02161,"('Logan', 'Waterfalls', 'SunPoint')",2885.0,2023-07-05 10:44:08,2023-07-05 12:16:17,92.15
'02171,"('Avalanche',)",22439.0,2023-07-05 08:22:44,2023-07-05 15:19:14,416.5
'02181,"('Apgar', 'LakeMcDonald', 'Logan', 'Waterfalls', 'SunPoint', 'Logan', 'Apgar')",24582.0,2023-07-05 07:32:05,2023-07-06 00:32:08,1020.05
'02191,"('Logan', 'Waterfalls')",18660.0,2023-07-05 09:10:58,2023-07-05 16:21:43,430.75
'02201,"('Avalanche', 'Logan', 'Waterfalls', 'SunPoint')",18930.0,2023-07-05 08:13:14,2023-07-05 16:31:29,498.25
'02211,"('Avalanche', 'Apgar')",20580.0,2023-07-05 07:56:45,2023-07-05 14:09:45,373.0
'02221,"('Avalanche', 'Logan', 'Avalanche', 'Apgar')",33097.0,2023-07-05 07:58:54,2023-07-05 23:56:20,957.4333333333333
'02231,"('Avalanche', 'Apgar')",6375.0,2023-07-05 07:45:43,2023-07-05 16:49:43,544.0
'02241,"('RisingSun', 'Waterfalls', 'RisingSun', 'Logan')",12795.0,2023-07-05 09:55:39,2023-07-05 16:23:09,387.5
'02251,"('Apgar',)",15405.0,2023-07-05 09:04:44,2023-07-05 13:23:14,258.5
'02271,"('Apgar', 'Logan', 'Loop', 'Avalanche', 'LakeMcDonald')",30612.0,2023-07-05 07:14:43,2023-07-05 17:29:51,615.1333333333333
'02281,"('Avalanche', 'Apgar')",18090.0,2023-07-05 07:53:02,2023-07-05 15:25:17,452.25
'02291,"('Apgar', 'Logan', 'Loop', 'Avalanche', 'LakeMcDonald', 'Apgar')",32147.0,2023-07-05 07:13:58,2023-07-05 23:01:26,947.4666666666667
'02301,"('Loop', 'Logan', 'SunPoint', 'Logan', 'Apgar')",20220.0,2023-07-05 09:08:10,2023-07-05 15:42:10,394.0
'02321,"('Waterfalls', 'SunPoint', 'RisingSun', 'StMary')",6323.0,2023-07-05 09:45:33,2023-07-05 14:54:27,308.9
'02331,"('Apgar', 'Loop', 'Logan', 'Waterfalls', 'SunPoint', 'RisingSun', 'StMary')",18405.0,2023-07-05 08:03:37,2023-07-05 22:32:29,868.8666666666667
'02341,"('Loop', 'Logan', 'Loop')",33105.0,2023-07-05 09:04:46,2023-07-05 18:50:16,585.5
'02351,"('LakeMcDonald', 'Logan', 'Waterfalls', 'StMary')",7190.0,2023-07-05 08:42:14,2023-07-05 13:26:16,284.03333333333336
'02361,"('Apgar',)",18930.0,2023-07-05 08:25:45,2023-07-05 14:10:30,344.75
'02411,"('Apgar',)",26664.0,2023-07-05 07:33:07,2023-07-05 17:59:05,625.9666666666667
'02421,"('Apgar', 'LakeMcDonald', 'Avalanche', 'LakeMcDonald', 'Apgar')",19770.0,2023-07-05 08:52:49,2023-07-05 15:30:34,397.75
'02431,"('Apgar', 'Logan', 'LakeMcDonald')",9313.0,2023-07-05 08:54:44,2023-07-05 16:59:34,484.8333333333333
'02441,"('Avalanche', 'LakeMcDonald', 'Logan', 'Waterfalls')",21900.0,2023-07-05 09:17:09,2023-07-05 17:05:24,468.25
'02451,"('Logan', 'SunPoint', 'RisingSun', 'StMary')",6001.0,2023-07-05 09:05:23,2023-07-05 12:04:53,179.5
'02461,"('Logan', 'Avalanche')",15120.0,2023-07-05 08:19:37,2023-07-05 15:27:22,427.75
'02471,"('LakeMcDonald', 'Logan', 'SunPoint', 'Waterfalls')",11071.0,2023-07-05 08:33:35,2023-07-05 14:58:05,384.5
'02481,"('LakeMcDonald', 'Loop', 'Logan')",2192.0,2023-07-05 08:51:24,2023-07-05 10:47:41,116.28333333333333
'02501,(),0.0,,,
'02511,"('Apgar',)",20265.0,2023-07-05 07:40:56,2023-07-05 14:04:11,383.25
'02521,"('Apgar', 'LakeMcDonald', 'Avalanche', 'LakeMcDonald', 'Apgar')",32835.0,2023-07-05 08:28:16,2023-07-05 20:34:41,726.4166666666666
'02531,"('Avalanche', 'Apgar')",7980.0,2023-07-05 08:15:22,2023-07-06 01:09:49,1014.45
'02541,"('Avalanche', 'Apgar')",19922.0,2023-07-05 08:11:34,2023-07-05 16:17:36,486.03333333333336
'02551,"('Avalanche', 'Logan', 'SunPoint', 'RisingSun', 'Waterfalls', 'RisingSun', 'StMary')",48269.0,2023-07-05 09:27:54,2023-07-06 02:10:09,1002.25
'03031,"('StMary', 'RisingSun', 'Waterfalls', 'Logan', 'Waterfalls', 'StMary')",16755.0,2023-07-06 11:43:11,2023-07-06 19:01:56,438.75
'03041,"('Apgar',)",11475.0,2023-07-05 07:56:04,2023-07-05 14:06:34,370.5
'03101,"('Logan',)",4665.0,2023-07-06 12:42:17,2023-07-06 14:03:02,80.75
'03131,(),0.0,,,
'03161,"('RisingSun', 'SunPoint', 'Waterfalls', 'StMary')",12276.0,2023-07-06 10:38:00,2023-07-06 15:05:36,267.6
'03191,"('StMary',)",2190.0,2023-07-06 12:07:51,2023-07-06 12:53:36,45.75
'03201,"('SunPoint', 'Waterfalls', 'Logan')",13210.0,2023-07-06 12:49:39,2023-07-06 17:54:19,304.6666666666667
'03311,"('Logan',)",3825.0,2023-07-05 08:08:36,2023-07-05 09:26:06,77.5
'03411,"('SunPoint', 'Waterfalls', 'RisingSun')",5444.0,2023-07-06 12:58:01,2023-07-06 15:17:16,139.25
'03471,"('RisingSun', 'SunPoint', 'Waterfalls', 'Logan')",14781.0,2023-07-06 13:12:22,2023-07-06 18:21:28,309.1
'0355,"('Logan', 'Loop', 'Apgar')",2738.0,2023-07-12 17:44:46,2023-07-12 20:35:09,170.38333333333333
'03551,"('RisingSun', 'Logan', 'SunPoint')",11910.0,2023-07-06 11:28:16,2023-07-06 16:41:46,313.5
'04051,"('LakeMcDonald', 'Avalanche', 'Logan', 'Loop')",8025.0,2023-07-07 15:39:45,2023-07-07 19:33:15,233.5
'04301,"('Loop', 'Logan', 'SunPoint', 'Logan', 'Apgar')",20220.0,2023-07-05 09:08:10,2023-07-05 15:42:10,394.0
'05011,"('Apgar', 'SunPoint')",825.0,2023-07-10 09:07:28,2023-07-10 12:07:02,179.56666666666666
'05041,"('Avalanche',)",9150.0,2023-07-10 07:57:06,2023-07-10 10:49:21,172.25
'05071,"('Logan', 'LakeMcDonald')",16995.0,2023-07-10 11:42:29,2023-07-10 18:40:29,418.0
'05081,"('Logan', 'Apgar')",9210.0,2023-07-10 10:24:08,2023-07-10 18:54:19,510.18333333333334
'05091,"('Avalanche', 'Loop', 'Logan', 'Loop', 'Logan')",2864.0,2023-07-10 09:05:40,2023-07-10 12:45:40,220.0
'05121,"('Apgar', 'LakeMcDonald', 'Logan')",12518.0,2023-07-10 08:38:05,2023-07-10 16:44:58,486.8833333333333
'05131,"('Avalanche', 'Loop', 'StMary', 'Waterfalls', 'SunPoint', 'Apgar')",9975.0,2023-07-10 07:58:20,2023-07-10 17:05:50,547.5
'05141,"('LakeMcDonald', 'Avalanche', 'Loop', 'Logan', 'Apgar')",10581.0,2023-07-10 09:48:07,2023-07-10 17:06:28,438.35
'05171,"('Apgar', 'Logan', 'LakeMcDonald', 'Apgar')",11655.0,2023-07-10 09:12:38,2023-07-10 16:03:23,410.75
'05211,"('Avalanche', 'Apgar')",20580.0,2023-07-05 07:56:45,2023-07-05 14:09:45,373.0
'05221,"('Logan', 'Apgar')",4878.0,2023-07-11 11:49:01,2023-07-11 15:12:46,203.75
'05231,"('Apgar', 'Loop', 'Logan')",8340.0,2023-07-10 08:22:37,2023-07-10 12:45:52,263.25
'05251,"('Logan', 'Waterfalls')",11369.0,2023-07-10 09:31:32,2023-07-10 14:31:17,299.75
'05261,"('Logan', 'RisingSun')",2040.0,2023-07-10 09:36:29,2023-07-10 15:23:59,347.5
'05291,"('Loop', 'Logan', 'Loop', 'Avalanche', 'LakeMcDonald')",30690.0,2023-07-10 08:18:48,2023-07-10 17:03:48,525.0
'05311,"('Avalanche', 'Apgar')",46690.0,2023-07-10 07:53:46,2023-07-11 01:25:11,1051.4166666666667
'05331,"('StMary',)",600.0,2023-07-06 09:38:30,2023-07-06 09:48:30,10.0
'05341,"('SunPoint', 'Waterfalls', 'SunPoint', 'StMary', 'Logan', 'Avalanche')",6389.0,2023-07-10 11:35:03,2023-07-10 15:48:47,253.73333333333332
'05351,"('StMary',)",420.0,2023-07-06 09:35:43,2023-07-06 09:42:43,7.0
'05361,"('Loop', 'Logan')",8130.0,2023-07-10 07:53:31,2023-07-10 10:40:46,167.25
'05401,"('Avalanche', 'Apgar')",3842.0,2023-07-10 08:50:55,2023-07-10 21:04:38,733.7166666666667
'05441,"('Apgar',)",330.0,2023-07-10 09:34:19,2023-07-10 09:39:49,5.5
'05451,"('Logan', 'SunPoint', 'RisingSun', 'StMary')",6001.0,2023-07-05 09:05:23,2023-07-05 12:04:53,179.5
'05461,"('Logan', 'Waterfalls')",7076.0,2023-07-10 09:22:51,2023-07-10 12:19:47,176.93333333333334
'05511,"('Waterfalls', 'Logan')",18809.0,2023-07-10 10:47:08,2023-07-10 17:00:08,373.0
'05541,"('Apgar', 'LakeMcDonald', 'Logan', 'StMary', 'Waterfalls', 'Logan', 'Waterfalls', 'Apgar')",13853.0,2023-07-10 08:19:54,2023-07-10 17:11:36,531.7
'06021,"('Apgar', 'LakeMcDonald', 'StMary')",2685.0,2023-07-11 11:13:46,2023-07-11 13:58:16,164.5
'06041,"('Avalanche', 'Loop', 'Logan', 'Avalanche')",10740.0,2023-07-11 11:39:04,2023-07-11 16:29:04,290.0
'06061,"('Avalanche', 'Logan', 'SunPoint', 'StMary')",1143.0,2023-07-11 10:48:26,2023-07-11 12:43:29,115.05
'06111,"('LakeMcDonald', 'Avalanche', 'Logan')",675.0,2023-07-11 11:56:32,2023-07-11 13:56:32,120.0
'06131,"('Apgar', 'Loop', 'Logan')",1710.0,2023-07-11 11:32:45,2023-07-11 13:18:15,105.5
'06151,"('LakeMcDonald',)",345.0,2023-07-11 11:48:49,2023-07-11 11:54:34,5.75
'06171,"('Apgar', 'LakeMcDonald')",14365.0,2023-07-11 10:13:10,2023-07-11 16:40:49,387.65
'06181,"('Apgar', 'Avalanche', 'Loop', 'Waterfalls')",4296.0,2023-07-11 11:11:22,2023-07-11 15:46:33,275.18333333333334
'06261,"('Logan', 'Waterfalls')",8191.0,2023-07-11 14:39:48,2023-07-11 17:06:03,146.25
'06271,"('Avalanche',)",10574.0,2023-07-11 10:56:41,2023-07-11 14:22:40,205.98333333333332
'06291,"('Avalanche',)",12121.0,2023-07-11 11:48:51,2023-07-11 15:15:21,206.5
'06301,"('Avalanche', 'SunPoint', 'Logan')",28868.0,2023-07-10 07:44:32,2023-07-10 18:08:10,623.6333333333333
'06351,"('StMary',)",1590.0,2023-07-11 13:16:29,2023-07-11 13:42:59,26.5
'06381,"('LakeMcDonald', 'RisingSun')",5325.0,2023-07-11 11:38:51,2023-07-11 15:01:59,203.13333333333333
'06421,"('Avalanche', 'Loop', 'Logan')",24659.0,2023-07-11 12:12:47,2023-07-11 19:35:00,442.21666666666664
'06441,"('LakeMcDonald', 'Avalanche', 'Loop', 'Logan', 'RisingSun')",20250.0,2023-07-11 11:42:59,2023-07-11 20:27:29,524.5
'06451,"('LakeMcDonald', 'Avalanche', 'Logan')",5610.0,2023-07-11 10:49:27,2023-07-11 13:59:57,190.5
'06461,"('Apgar',)",2175.0,2023-07-11 10:18:18,2023-07-11 10:56:48,38.5
'06481,"('Avalanche',)",15601.0,2023-07-11 11:57:19,2023-07-11 16:38:34,281.25
'06511,"('Logan', 'Avalanche', 'Apgar')",2760.0,2023-07-12 17:48:29,2023-07-12 21:08:14,199.75
'06521,"('Apgar', 'LakeMcDonald', 'Logan', 'LakeMcDonald')",15256.0,2023-07-11 10:27:22,2023-07-11 18:00:32,453.1666666666667
'06531,"('LakeMcDonald', 'Apgar')",19485.0,2023-07-11 11:32:32,2023-07-11 17:24:32,352.0
'06541,"('LakeMcDonald', 'Apgar')",17840.0,2023-07-11 10:36:27,2023-07-11 18:25:02,468.5833333333333
'07041,"('Logan',)",1245.0,2023-07-12 18:13:22,2023-07-12 18:34:07,20.75
'07091,"('Waterfalls',)",390.0,2023-07-12 16:10:37,2023-07-12 16:17:07,6.5
'07101,"('Logan',)",7185.0,2023-07-12 16:08:25,2023-07-12 18:14:25,126.0
'07121,"('Apgar',)",18939.0,2023-07-12 20:54:56,2023-07-13 04:31:03,456.1166666666667
'07131,"('RisingSun', 'Apgar')",3151.0,2023-07-12 15:17:29,2023-07-12 18:54:30,217.01666666666668
'07161,"('Logan', 'Apgar')",1860.0,2023-07-12 16:44:37,2023-07-12 18:38:37,114.0
'07171,"('Logan',)",2160.0,2023-07-12 16:39:13,2023-07-12 17:15:13,36.0
'07181,"('Logan',)",3990.0,2023-07-12 16:51:36,2023-07-12 17:59:51,68.25
'07211,"('Logan',)",2940.0,2023-07-12 17:41:02,2023-07-12 18:44:32,63.5
'07221,"('Apgar',)",2329.0,2023-07-12 18:00:26,2023-07-12 18:56:23,55.95
'07231,"('Logan', 'StMary')",42975.0,2023-07-12 19:43:19,2023-07-13 10:23:22,880.05
'07251,"('Apgar',)",59535.0,2023-07-12 18:53:02,2023-07-13 11:25:17,992.25
'07261,"('Waterfalls', 'StMary')",8086.0,2023-07-12 17:40:50,2023-07-12 20:36:35,175.75
'07271,(),0.0,,,
'07301,"('Waterfalls',)",465.0,2023-07-12 17:26:55,2023-07-12 17:34:55,8.0
'07321,(),0.0,,,
'07341,"('StMary',)",1335.0,2023-07-12 17:15:13,2023-07-12 17:37:28,22.25
'07351,"('Waterfalls', 'Logan', 'Apgar')",3510.0,2023-07-12 16:54:38,2023-07-12 19:18:23,143.75
'07361,"('LakeMcDonald',)",50928.0,2023-07-12 17:15:20,2023-07-13 09:29:08,973.8
'07391,"('SunPoint', 'Waterfalls', 'SunPoint')",5880.0,2023-07-06 12:07:23,2023-07-06 15:42:38,215.25
'07411,"('Apgar',)",1125.0,2023-07-13 08:51:02,2023-07-13 09:09:47,18.75
'07441,"('SunPoint', 'Waterfalls', 'SunPoint')",1395.0,2023-07-12 15:43:09,2023-07-12 16:36:24,53.25
'07451,"('Apgar',)",8345.0,2023-07-12 20:02:12,2023-07-13 05:25:58,563.7666666666667
'07461,"('StMary',)",7065.0,2023-07-12 19:52:48,2023-07-12 21:50:33,117.75
'07521,"('Loop', 'Apgar')",465.0,2023-07-12 17:43:28,2023-07-12 18:42:43,59.25
'07541,"('Apgar',)",149.0,2023-07-12 18:27:32,2023-07-12 18:30:01,2.4833333333333334
'08231,"('RisingSun', 'SunPoint', 'Waterfalls', 'Logan', 'RisingSun')",4260.0,2023-07-14 14:55:38,2023-07-14 17:49:05,173.45
'09041,"('RisingSun', 'SunPoint', 'Logan', 'Apgar')",21180.0,2023-07-16 09:22:32,2023-07-16 17:10:17,467.75
'09071,"('Waterfalls',)",8640.0,2023-07-16 08:39:32,2023-07-16 12:42:32,243.0
'09081,"('Logan',)",180.0,2023-07-16 08:46:44,2023-07-16 08:49:44,3.0
'09111,"('SunPoint', 'Waterfalls', 'Apgar')",14620.0,2023-07-16 08:17:50,2023-07-16 17:37:45,559.9166666666666
'09151,"('Avalanche', 'LakeMcDonald', 'Apgar')",12390.0,2023-07-16 10:33:50,2023-07-16 14:39:50,246.0
'09161,"('SunPoint', 'Logan')",7140.0,2023-07-16 08:55:04,2023-07-16 16:52:04,477.0
'09191,"('StMary',)",44085.0,2023-07-16 14:02:29,2023-07-17 02:17:14,734.75
'09201,"('Apgar',)",480.0,2023-07-16 09:44:01,2023-07-16 09:52:16,8.25
'09281,"('RisingSun', 'Waterfalls', 'RisingSun', 'Waterfalls', 'RisingSun')",5190.0,2023-07-16 08:03:37,2023-07-16 11:49:37,226.0
'09291,"('Avalanche', 'Apgar')",2521.0,2023-07-16 09:35:14,2023-07-16 10:54:14,79.0
'09331,"('RisingSun',)",2550.0,2023-07-16 08:11:06,2023-07-16 08:53:36,42.5
'09341,"('Avalanche', 'LakeMcDonald', 'Apgar')",18901.0,2023-07-16 10:03:33,2023-07-16 16:20:48,377.25
'09351,"('Waterfalls',)",840.0,2023-07-16 08:39:52,2023-07-16 09:15:37,35.75
'09381,"('SunPoint', 'Waterfalls', 'Logan', 'LakeMcDonald', 'Apgar')",18676.0,2023-07-16 07:56:59,2023-07-16 16:25:44,508.75
'09401,"('SunPoint', 'Waterfalls', 'SunPoint')",14280.0,2023-07-16 09:39:01,2023-07-16 14:50:46,311.75
'09421,"('Avalanche', 'LakeMcDonald', 'Apgar', 'LakeMcDonald')",53874.0,2023-07-16 10:41:40,2023-07-17 03:28:52,1007.2
'09471,"('SunPoint', 'Avalanche', 'LakeMcDonald')",510.0,2023-07-16 09:41:50,2023-07-16 11:54:50,133.0
'09501,"('Loop', 'Avalanche', 'Apgar')",11521.0,2023-07-16 10:06:47,2023-07-16 15:25:56,319.15
'10081,"('Apgar', 'Loop', 'Logan')",2670.0,2023-07-18 16:40:23,2023-07-18 19:52:53,192.5
'10091,"('RisingSun', 'StMary')",750.0,2023-07-16 09:41:39,2023-07-16 10:03:39,22.0
'10231,"('StMary',)",12929.0,2023-07-19 06:10:34,2023-07-19 09:46:03,215.48333333333332
'10241,"('RisingSun', 'StMary')",750.0,2023-07-16 09:41:41,2023-07-16 10:03:41,22.0
'10331,"('Apgar',)",2312.0,2023-07-18 16:12:17,2023-07-18 16:51:04,38.78333333333333
'10361,"('Apgar',)",495.0,2023-07-18 16:05:50,2023-07-18 16:18:43,12.883333333333333
'10391,"('Logan',)",6300.0,2023-07-18 18:38:05,2023-07-18 20:26:35,108.5
'10471,"('Logan',)",10110.0,2023-07-18 18:42:24,2023-07-18 21:41:09,178.75
'10531,"('Apgar',)",345.0,2023-07-18 17:38:02,2023-07-18 17:43:47,5.75
'11111,"('LakeMcDonald', 'Avalanche', 'LakeMcDonald', 'Apgar')",41333.0,2023-07-20 11:29:21,2023-07-21 03:00:16,930.9166666666666
'11331,"('LakeMcDonald', 'Avalanche', 'Logan', 'Avalanche', 'LakeMcDonald')",20251.0,2023-07-20 10:18:23,2023-07-20 16:47:53,389.5
'11411,"('LakeMcDonald', 'Avalanche', 'Logan', 'Avalanche', 'LakeMcDonald', 'Apgar')",29406.0,2023-07-20 10:56:22,2023-07-21 03:19:18,982.9333333333333
'11421,"('LakeMcDonald', 'Avalanche', 'LakeMcDonald', 'Apgar')",16260.0,2023-07-20 10:20:02,2023-07-20 18:40:38,500.6
'11531,"('Apgar', 'LakeMcDonald', 'Avalanche', 'LakeMcDonald', 'Apgar')",37854.0,2023-07-20 09:50:33,2023-07-21 03:44:03,1073.5
'12011,"('Logan', 'Waterfalls', 'StMary')",24181.0,2023-07-21 09:27:09,2023-07-21 17:17:54,470.75
'12021,"('Logan',)",62445.0,2023-07-21 09:11:19,2023-07-22 02:32:49,1041.5
'12031,"('Logan',)",31425.0,2023-07-21 09:29:32,2023-07-21 19:11:35,582.05
'12091,"('StMary',)",165.0,2023-07-21 09:07:04,2023-07-21 09:09:49,2.75
'12151,"('StMary', 'RisingSun', 'Logan', 'Avalanche', 'Logan', 'StMary')",25093.0,2023-07-21 09:48:51,2023-07-21 22:49:49,780.9666666666667
'12161,"('RisingSun', 'Logan', 'Avalanche', 'Logan')",7785.0,2023-07-21 10:39:05,2023-07-21 14:52:20,253.25
'12251,"('Logan',)",21692.0,2023-07-21 08:59:59,2023-07-21 15:10:32,370.55
'12301,"('RisingSun', 'Logan', 'StMary')",44854.0,2023-07-21 11:06:43,2023-07-22 01:02:16,835.55
'12401,"('RisingSun', 'SunPoint', 'Waterfalls', 'SunPoint', 'RisingSun', 'StMary')",11251.0,2023-07-21 09:27:59,2023-07-22 03:15:37,1067.6333333333334
'12501,"('Logan', 'Waterfalls', 'StMary')",24615.0,2023-07-21 09:02:42,2023-07-21 17:58:42,536.0
'12521,"('StMary', 'Logan', 'Avalanche', 'LakeMcDonald', 'Avalanche', 'Logan', 'RisingSun', 'StMary')",37204.0,2023-07-21 08:08:19,2023-07-22 01:37:50,1049.5166666666667
'13041,"('RisingSun', 'SunPoint', 'Logan', 'SunPoint')",6135.0,2023-07-24 11:14:03,2023-07-24 14:04:33,170.5
'1313,"('LakeMcDonald',)",6702.0,2023-07-26 18:00:23,2023-07-26 19:54:49,114.43333333333334
'1321,"('Apgar', 'LakeMcDonald', 'Avalanche', 'LakeMcDonald', 'Apgar')",9642.0,2023-07-02 10:10:30,2023-07-02 13:53:12,222.7
'13231,"('RisingSun', 'SunPoint', 'Logan', 'Loop', 'Logan')",31216.0,2023-07-24 10:03:27,2023-07-24 19:49:27,586.0
'13241,"('RisingSun', 'SunPoint', 'Logan', 'Apgar')",47265.0,2023-07-24 11:14:02,2023-07-25 02:44:11,930.15
'13331,"('Waterfalls', 'SunPoint', 'StMary')",52121.0,2023-07-24 09:45:01,2023-07-25 00:46:42,901.6833333333333
'13381,"('Logan', 'StMary', 'Logan', 'Avalanche', 'LakeMcDonald', 'Avalanche', 'Logan', 'StMary')",32845.0,2023-07-24 09:13:23,2023-07-24 22:46:29,813.1
'13511,"('Logan', 'RisingSun')",16050.0,2023-07-24 09:13:41,2023-07-24 14:25:26,311.75
'14011,"('Waterfalls',)",345.0,2023-07-26 17:14:40,2023-07-26 17:20:25,5.75
'14081,"('Logan', 'Apgar')",33013.0,2023-07-26 17:16:51,2023-07-27 03:55:19,638.4666666666667
'14101,"('Waterfalls',)",345.0,2023-07-26 16:11:17,2023-07-26 16:17:02,5.75
'14111,(),0.0,,,
'14151,"('RisingSun', 'LakeMcDonald', 'StMary')",24704.0,2023-07-26 15:54:20,2023-07-27 09:08:17,1033.95
'14161,"('Logan', 'Waterfalls')",2160.0,2023-07-26 16:20:57,2023-07-26 17:17:42,56.75
'14171,"('Waterfalls',)",540.0,2023-07-26 18:23:18,2023-07-26 18:32:18,9.0
'14181,"('Waterfalls', 'Loop', 'LakeMcDonald', 'Logan')",52380.0,2023-07-26 18:18:00,2023-07-27 11:46:54,1048.9
'14191,"('Logan', 'Apgar')",5384.0,2023-07-26 16:35:32,2023-07-26 20:09:32,214.0
'14221,"('Apgar',)",56257.0,2023-07-26 17:41:42,2023-07-27 09:34:50,953.1333333333333
'14271,"('Waterfalls',)",735.0,2023-07-26 16:53:44,2023-07-26 17:35:29,41.75
'14321,"('RisingSun', 'Apgar')",37879.0,2023-07-26 17:48:34,2023-07-27 07:38:05,829.5166666666667
'14411,"('SunPoint', 'LakeMcDonald', 'Avalanche', 'LakeMcDonald')",3090.0,2023-07-26 15:45:46,2023-07-26 20:36:46,291.0
'14421,"('Logan', 'Apgar')",2415.0,2023-07-26 17:27:46,2023-07-26 21:32:31,244.75
'14431,"('Waterfalls', 'Logan', 'StMary')",33057.0,2023-07-26 16:29:37,2023-07-27 09:42:00,1032.3833333333334
'14441,"('Loop',)",150.0,2023-07-26 18:28:22,2023-07-26 18:30:52,2.5
'14521,"('Logan',)",2340.0,2023-07-26 18:38:44,2023-07-26 19:22:44,44.0
'14541,"('Waterfalls', 'Logan')",4440.0,2023-07-26 16:47:17,2023-07-26 18:46:06,118.81666666666666
'15011,"('LakeMcDonald', 'Apgar')",6905.0,2023-07-27 10:01:56,2023-07-27 14:40:53,278.95
'15091,"('LakeMcDonald', 'Avalanche', 'Logan', 'Avalanche', 'LakeMcDonald')",24679.0,2023-07-27 10:34:00,2023-07-27 18:17:34,463.56666666666666
'15101,"('LakeMcDonald', 'Avalanche', 'Logan', 'Avalanche', 'LakeMcDonald')",20475.0,2023-07-27 10:33:54,2023-07-27 17:03:39,389.75
'1512,"('LakeMcDonald', 'Apgar')",5530.0,2023-07-27 10:33:56,2023-07-27 14:45:21,251.41666666666666
'15161,"('LakeMcDonald', 'Avalanche', 'Logan', 'Loop', 'Logan', 'Loop', 'Apgar')",31412.0,2023-07-27 10:00:02,2023-07-28 00:03:14,843.2
'15191,"('LakeMcDonald', 'Avalanche', 'LakeMcDonald', 'Avalanche', 'LakeMcDonald')",18045.0,2023-07-27 11:37:04,2023-07-27 18:17:34,400.5
'15251,"('LakeMcDonald', 'Avalanche', 'Logan', 'Avalanche', 'Apgar')",36597.0,2023-07-27 10:00:12,2023-07-28 02:36:16,996.0666666666667
'15261,"('LakeMcDonald', 'Avalanche', 'LakeMcDonald')",14655.0,2023-07-27 10:34:02,2023-07-27 14:49:47,255.75
'15271,"('LakeMcDonald', 'Avalanche', 'LakeMcDonald', 'Apgar')",27248.0,2023-07-27 12:15:22,2023-07-28 00:21:21,725.9833333333333
'15291,"('LakeMcDonald',)",13413.0,2023-07-27 12:46:04,2023-07-27 15:46:22,180.3
'15321,"('LakeMcDonald', 'Avalanche', 'Logan')",6480.0,2023-07-27 12:15:15,2023-07-27 14:51:30,156.25
'15411,"('LakeMcDonald', 'Avalanche', 'LakeMcDonald')",18932.0,2023-07-27 12:00:25,2023-07-27 17:03:25,303.0
'15421,"('Apgar', 'LakeMcDonald', 'Avalanche')",10245.0,2023-07-27 11:23:18,2023-07-27 14:54:03,210.75
'15441,"('Avalanche', 'Logan', 'Avalanche', 'LakeMcDonald')",12240.0,2023-07-27 12:21:35,2023-07-27 17:03:21,281.76666666666665
'15461,"('Apgar', 'Avalanche', 'LakeMcDonald', 'Apgar')",18774.0,2023-07-27 10:29:14,2023-07-27 20:32:50,603.6
'15501,"('LakeMcDonald', 'Avalanche', 'Logan', 'Loop', 'Avalanche', 'LakeMcDonald', 'Apgar')",22532.0,2023-07-27 11:37:02,2023-07-28 02:18:19,881.2833333333333
'1551,"('LakeMcDonald', 'Avalanche', 'LakeMcDonald')",16687.0,2023-07-27 11:36:51,2023-07-27 15:55:57,259.1
'15532,"('LakeMcDonald', 'Avalanche', 'Logan', 'Waterfalls', 'Logan', 'Avalanche', 'LakeMcDonald', 'Apgar')",13110.0,2023-07-27 11:36:47,2023-07-28 02:23:32,886.75
'16011,"('Logan', 'Apgar')",1350.0,2023-07-30 18:43:52,2023-07-30 20:58:52,135.0
'16021,"('Apgar', 'Loop', 'Logan')",2100.0,2023-07-30 16:01:40,2023-07-30 17:58:55,117.25
'16081,(),0.0,,,
'16091,"('Avalanche',)",360.0,2023-07-30 16:46:35,2023-07-30 16:52:35,6.0
'16111,(),0.0,,,
'16121,"('Apgar',)",900.0,2023-07-30 15:46:20,2023-07-30 16:58:35,72.25
'16161,"('Avalanche',)",10560.0,2023-07-30 18:10:10,2023-07-30 21:11:10,181.0
'16171,"('Apgar',)",62202.0,2023-07-30 17:36:30,2023-07-31 11:02:42,1046.2
'16181,"('Logan', 'Apgar')",29280.0,2023-07-31 17:57:49,2023-08-01 06:02:04,724.25
'16221,"('Apgar', 'LakeMcDonald', 'Avalanche', 'Apgar')",8055.0,2023-07-30 16:59:00,2023-07-30 21:42:15,283.25
'16261,"('LakeMcDonald',)",2325.0,2023-07-30 17:18:02,2023-07-30 17:57:47,39.75
'16291,"('Apgar',)",2535.0,2023-07-30 16:19:35,2023-07-30 17:06:50,47.25
'16311,"('Apgar',)",405.0,2023-07-30 17:12:24,2023-07-30 17:26:09,13.75
'16321,"('Apgar',)",315.0,2023-07-30 21:12:08,2023-07-30 21:17:23,5.25
'16341,"('LakeMcDonald', 'Logan', 'Waterfalls')",4680.0,2023-07-30 18:10:38,2023-07-30 20:52:38,162.0
'16351,"('Apgar', 'Avalanche')",59965.0,2023-07-30 17:58:12,2023-07-31 11:40:07,1061.9166666666667
'16411,"('Loop', 'Logan', 'Waterfalls', 'StMary')",33226.0,2023-07-30 17:57:28,2023-07-31 04:38:59,641.5166666666667
'16421,(),0.0,,,
'16441,"('StMary',)",38235.0,2023-07-30 18:46:43,2023-07-31 05:23:58,637.25
'16471,"('LakeMcDonald',)",8625.0,2023-07-30 17:19:54,2023-07-30 18:34:24,74.5
'16501,"('Loop', 'Logan')",1335.0,2023-07-30 18:27:24,2023-07-30 19:25:39,58.25
'16521,"('Apgar', 'LakeMcDonald')",1635.0,2023-07-30 16:48:45,2023-07-30 18:22:15,93.5
'16531,"('Apgar',)",4260.0,2023-07-30 16:41:48,2023-07-30 17:52:48,71.0
'17021,"('Apgar',)",10755.0,2023-07-31 18:09:06,2023-07-31 21:17:21,188.25
'17041,"('Logan', 'Apgar')",29025.0,2023-07-31 16:06:06,2023-08-01 06:09:36,843.5
'17081,"('Logan', 'Waterfalls', 'StMary')",39090.0,2023-07-31 16:27:00,2023-08-01 04:08:30,701.5
'17121,"('Waterfalls', 'RisingSun')",8151.0,2023-07-31 17:58:25,2023-08-01 07:41:11,822.7666666666667
'17131,"('Logan', 'RisingSun')",10185.0,2023-07-31 16:14:18,2023-08-01 07:41:18,927.0
'17141,"('Avalanche',)",9810.0,2023-07-31 18:04:47,2023-07-31 20:52:17,167.5
'17161,"('Avalanche',)",10560.0,2023-07-30 18:10:10,2023-07-30 21:11:10,181.0
'17221,"('Logan',)",660.0,2023-07-31 17:39:16,2023-07-31 17:59:31,20.25
'17231,"('RisingSun',)",3420.0,2023-07-31 17:23:07,2023-07-31 18:20:52,57.75
'17271,"('Waterfalls',)",1050.0,2023-07-31 17:37:28,2023-07-31 17:54:58,17.5
'17321,"('Apgar', 'LakeMcDonald', 'Avalanche')",48214.0,2023-07-31 19:41:29,2023-08-01 10:06:17,864.8
'17331,(),0.0,,,
'17341,"('Logan',)",8130.0,2023-07-31 15:58:29,2023-07-31 18:27:59,149.5
'17381,"('Waterfalls', 'Loop')",570.0,2023-07-31 16:16:43,2023-07-31 17:24:43,68.0
'17391,"('Waterfalls', 'StMary')",59055.0,2023-07-31 16:09:38,2023-08-01 09:39:08,1049.5
'17431,"('RisingSun', 'Avalanche')",20480.0,2023-07-31 16:33:14,2023-08-01 10:25:33,1072.3166666666666
'17441,"('RisingSun', 'Waterfalls', 'RisingSun')",2550.0,2023-07-31 16:32:47,2023-07-31 18:40:17,127.5
'17461,"('Waterfalls', 'Loop', 'Apgar')",17431.0,2023-07-31 16:22:17,2023-08-01 00:13:17,471.0
'17501,"('Waterfalls',)",4125.0,2023-07-31 16:51:47,2023-07-31 18:16:17,84.5
'17511,"('Logan',)",465.0,2023-07-31 16:41:36,2023-07-31 17:07:51,26.25
'17531,"('Waterfalls', 'Logan', 'LakeMcDonald')",4260.0,2023-07-31 17:59:40,2023-07-31 21:49:10,229.5
'17541,"('Apgar', 'LakeMcDonald', 'Apgar')",35344.0,2023-07-30 17:59:18,2023-07-31 11:13:20,1034.0333333333333
'18131,"('StMary', 'RisingSun', 'Logan', 'LakeMcDonald')",19470.0,2023-08-01 08:03:59,2023-08-01 15:21:44,437.75
'18151,"('StMary', 'RisingSun', 'Logan')",49740.0,2023-08-01 08:11:45,2023-08-01 23:54:45,943.0
'19011,"('Apgar', 'LakeMcDonald', 'Avalanche', 'Logan', 'Waterfalls', 'Logan')",16232.0,2023-08-01 09:33:35,2023-08-01 17:02:05,448.5
'19021,"('LakeMcDonald', 'Avalanche', 'Logan', 'Avalanche', 'LakeMcDonald', 'Apgar')",37966.0,2023-08-01 08:48:59,2023-08-01 21:50:29,781.5
'19041,"('Apgar', 'LakeMcDonald', 'Avalanche', 'Logan', 'Loop', 'Avalanche', 'Apgar')",47110.0,2023-08-01 07:48:53,2023-08-02 01:28:00,1059.1166666666666
'19161,"('LakeMcDonald', 'Logan')",2685.0,2023-08-01 07:27:37,2023-08-01 09:09:37,102.0
'19181,"('LakeMcDonald', 'Logan', 'Avalanche', 'LakeMcDonald', 'Apgar')",14399.0,2023-08-01 08:06:02,2023-08-01 18:38:17,632.25
'19241,"('Avalanche', 'Logan', 'Avalanche', 'LakeMcDonald', 'Apgar')",17145.0,2023-08-01 10:34:22,2023-08-01 17:19:33,405.18333333333334
'19311,"('Avalanche', 'Logan', 'RisingSun', 'StMary', 'SunPoint', 'Waterfalls', 'Logan', 'Avalanche', 'LakeMcDonald')",13820.0,2023-08-01 11:05:08,2023-08-01 18:17:27,432.31666666666666
'19331,"('LakeMcDonald', 'Avalanche', 'Logan', 'Avalanche', 'LakeMcDonald', 'Apgar')",34296.0,2023-08-01 10:56:33,2023-08-02 02:15:59,919.4333333333333
'19461,"('Apgar', 'Avalanche')",8405.0,2023-08-01 08:12:57,2023-08-01 10:58:47,165.83333333333334
'19521,"('Avalanche', 'LakeMcDonald', 'Apgar')",5795.0,2023-08-01 11:05:05,2023-08-01 15:20:55,255.83333333333334
'19541,"('LakeMcDonald', 'Logan')",3090.0,2023-08-01 08:32:38,2023-08-01 10:32:08,119.5
'20021,"('RisingSun', 'StMary')",48631.0,2023-08-02 11:07:48,2023-08-03 00:55:48,828.0
'20041,"('Waterfalls', 'Logan', 'LakeMcDonald', 'Apgar')",26712.0,2023-08-02 11:43:36,2023-08-02 23:58:17,734.6833333333333
'20071,"('Waterfalls', 'LakeMcDonald', 'Logan', 'LakeMcDonald')",13410.0,2023-08-02 11:38:32,2023-08-02 20:33:29,534.95
'20081,"('Logan', 'Loop', 'Apgar')",16859.0,2023-08-02 12:50:07,2023-08-03 05:19:22,989.25
'20161,"('SunPoint', 'Loop', 'LakeMcDonald')",12675.0,2023-08-02 12:45:35,2023-08-02 17:50:20,304.75
'20181,"('LakeMcDonald',)",12045.0,2023-08-02 13:02:38,2023-08-02 19:24:53,382.25
'20201,"('RisingSun', 'Logan')",1980.0,2023-08-02 12:34:48,2023-08-02 13:32:18,57.5
'20241,"('StMary',)",22935.0,2023-08-02 20:17:47,2023-08-03 05:13:01,535.2333333333333
'20291,"('SunPoint', 'Logan', 'Avalanche', 'LakeMcDonald', 'Apgar')",34024.0,2023-08-02 10:43:31,2023-08-03 01:54:20,910.8166666666667
'20331,"('Logan',)",825.0,2023-08-02 12:21:08,2023-08-02 12:38:08,17.0
'20381,"('Apgar',)",285.0,2023-08-02 13:50:28,2023-08-02 13:57:58,7.5
'20391,"('RisingSun', 'Waterfalls')",6270.0,2023-08-02 12:21:17,2023-08-02 16:04:32,223.25
'20411,"('SunPoint', 'Waterfalls', 'SunPoint')",4092.0,2023-08-02 11:20:39,2023-08-02 12:33:36,72.95
'20431,"('StMary',)",4679.0,2023-08-02 12:21:46,2023-08-02 13:44:45,82.98333333333333
'21081,"('LakeMcDonald', 'Avalanche', 'LakeMcDonald')",9959.0,2023-08-03 09:49:34,2023-08-03 12:59:15,189.68333333333334
'21141,"('Logan', 'Avalanche', 'LakeMcDonald', 'Apgar')",38564.0,2023-08-03 08:12:16,2023-08-03 23:42:21,930.0833333333334
'21191,"('LakeMcDonald', 'Avalanche', 'Logan', 'Avalanche', 'LakeMcDonald')",23670.0,2023-08-03 08:26:39,2023-08-03 16:05:24,458.75
'21231,"('LakeMcDonald', 'Avalanche', 'Logan', 'Avalanche', 'LakeMcDonald', 'Apgar')",24159.0,2023-08-03 08:59:05,2023-08-03 23:54:42,895.6166666666667
'21341,"('LakeMcDonald', 'Avalanche', 'Logan', 'LakeMcDonald')",17535.0,2023-08-03 08:59:10,2023-08-03 15:49:10,410.0
'21351,"('Avalanche', 'Logan', 'Avalanche', 'LakeMcDonald', 'Apgar')",40636.0,2023-08-03 09:21:11,2023-08-04 02:28:53,1027.7
'21381,"('LakeMcDonald', 'Avalanche', 'Logan', 'Avalanche', 'LakeMcDonald', 'Apgar')",16936.0,2023-08-03 09:24:40,2023-08-03 23:53:55,869.25
'21501,"('Avalanche', 'LakeMcDonald', 'Apgar')",10785.0,2023-08-03 10:08:10,2023-08-03 16:13:15,365.0833333333333
'21521,"('Avalanche', 'LakeMcDonald')",21044.0,2023-08-03 10:46:44,2023-08-03 16:05:21,318.6166666666667
'22021,"('StMary', 'SunPoint', 'Waterfalls', 'SunPoint', 'RisingSun', 'StMary')",15803.0,2023-08-06 08:18:43,2023-08-07 00:04:49,946.1
'22091,"('StMary', 'Logan')",18960.0,2023-08-06 08:02:25,2023-08-06 14:08:10,365.75
'22121,"('StMary', 'SunPoint', 'Waterfalls', 'SunPoint', 'RisingSun', 'StMary')",30867.0,2023-08-06 08:24:19,2023-08-07 01:44:28,1040.15
'22151,"('Logan',)",42150.0,2023-08-01 12:12:15,2023-08-01 23:54:45,702.5
'22221,"('StMary', 'Logan', 'SunPoint', 'StMary')",19620.0,2023-08-06 08:00:47,2023-08-06 16:57:02,536.25
'22261,"('StMary', 'Waterfalls')",2513.0,2023-08-06 07:46:41,2023-08-06 14:23:19,396.6333333333333
'22271,"('StMary',)",520.0,2023-08-06 08:25:20,2023-08-06 08:34:00,8.666666666666666
'22401,"('StMary', 'Logan', 'StMary')",29218.0,2023-08-06 08:07:31,2023-08-06 21:17:42,790.1833333333333
'22411,"('StMary', 'RisingSun', 'StMary')",60539.0,2023-08-06 08:26:22,2023-08-07 01:59:31,1053.15
'22461,"('StMary', 'RisingSun', 'Waterfalls', 'SunPoint', 'RisingSun', 'StMary')",14804.0,2023-08-06 08:21:50,2023-08-06 20:23:47,721.95
'22471,"('StMary', 'Logan', 'Waterfalls', 'SunPoint')",9292.0,2023-08-06 07:45:43,2023-08-06 12:07:50,262.1166666666667
'22531,"('StMary', 'Waterfalls', 'RisingSun', 'StMary')",30049.0,2023-08-06 08:00:22,2023-08-06 21:18:39,798.2833333333333
'23011,"('Avalanche', 'Logan', 'Avalanche', 'LakeMcDonald', 'Apgar')",30165.0,2023-08-06 09:40:57,2023-08-06 19:26:18,585.35
'23041,"('LakeMcDonald', 'Avalanche', 'LakeMcDonald', 'Apgar')",22094.0,2023-08-06 08:57:27,2023-08-06 23:47:50,890.3833333333333
'23071,"('LakeMcDonald', 'Avalanche', 'Logan', 'Waterfalls', 'Logan', 'Avalanche', 'LakeMcDonald', 'Apgar')",15045.0,2023-08-06 08:49:09,2023-08-06 16:55:36,486.45
'23101,"('LakeMcDonald', 'Avalanche', 'LakeMcDonald')",8729.0,2023-08-06 09:36:37,2023-08-06 13:48:33,251.93333333333334
'23141,"('LakeMcDonald', 'Avalanche', 'Logan', 'Avalanche', 'LakeMcDonald')",16259.0,2023-08-06 09:58:47,2023-08-06 16:46:32,407.75
'23171,"('LakeMcDonald', 'Avalanche', 'Logan', 'Waterfalls', 'Logan', 'Avalanche', 'LakeMcDonald')",24103.0,2023-08-06 09:58:35,2023-08-06 17:54:51,476.26666666666665
'23201,"('LakeMcDonald', 'Avalanche', 'Logan', 'Waterfalls', 'Logan', 'Avalanche', 'LakeMcDonald', 'Apgar')",35497.0,2023-08-06 08:57:20,2023-08-07 00:36:10,938.8333333333334
'23281,"('Logan',)",7050.0,2023-08-06 09:46:36,2023-08-06 11:44:06,117.5
'23291,"('Logan', 'Loop', 'Avalanche', 'LakeMcDonald', 'Apgar')",32338.0,2023-08-06 07:59:19,2023-08-06 17:58:01,598.7
'23341,"('Avalanche', 'Logan', 'Avalanche', 'LakeMcDonald')",21616.0,2023-08-06 09:40:53,2023-08-06 16:46:23,425.5
'23441,"('Logan', 'Avalanche', 'LakeMcDonald')",14369.0,2023-08-06 08:49:50,2023-08-06 13:31:20,281.5
'23511,"('Logan',)",60615.0,2023-08-06 07:58:02,2023-08-07 00:56:47,1018.75
'23521,"('LakeMcDonald',)",5260.0,2023-08-06 15:29:13,2023-08-06 16:56:53,87.66666666666667
'23541,"('LakeMcDonald', 'Logan', 'Avalanche', 'LakeMcDonald')",8221.0,2023-08-06 08:16:16,2023-08-06 15:32:20,436.06666666666666
'24041,"('Apgar', 'Avalanche', 'Apgar')",15615.0,2023-08-07 08:04:27,2023-08-07 13:50:42,346.25
'24171,"('Logan', 'Avalanche', 'LakeMcDonald')",14608.0,2023-08-07 08:58:18,2023-08-07 13:35:39,277.35
'24231,"('LakeMcDonald', 'Avalanche', 'Logan')",10135.0,2023-08-07 09:59:51,2023-08-07 13:04:47,184.93333333333334
'24321,"('LakeMcDonald', 'Avalanche', 'Logan', 'Apgar')",34813.0,2023-08-07 10:00:04,2023-08-07 22:48:18,768.2333333333333
'24341,"('LakeMcDonald', 'Avalanche', 'LakeMcDonald')",20296.0,2023-08-07 10:24:48,2023-08-07 16:30:04,365.26666666666665
'24441,"('LakeMcDonald', 'Avalanche', 'Logan', 'Loop', 'Avalanche', 'LakeMcDonald')",22830.0,2023-08-07 09:35:06,2023-08-07 17:03:38,448.53333333333336
'24481,"('LakeMcDonald', 'Avalanche', 'Logan', 'Avalanche', 'LakeMcDonald')",24612.0,2023-08-07 09:35:12,2023-08-07 17:39:03,483.85
'24541,"('Avalanche', 'Logan', 'Avalanche', 'Apgar')",22648.0,2023-08-07 09:19:40,2023-08-07 20:44:48,685.1333333333333
'25011,(),0.0,,,
'25041,"('Logan',)",16943.0,2023-08-08 12:14:38,2023-08-08 17:16:01,301.3833333333333
'25071,"('LakeMcDonald', 'Apgar')",11159.0,2023-08-08 12:06:09,2023-08-08 15:38:53,212.73333333333332
'25141,"('LakeMcDonald',)",7479.0,2023-08-08 13:53:53,2023-08-08 15:48:10,114.28333333333333
'25161,"('Apgar', 'LakeMcDonald')",5248.0,2023-08-08 12:26:19,2023-08-08 15:27:00,180.68333333333334
'25171,"('Apgar', 'Logan', 'Apgar')",15728.0,2023-08-08 10:02:01,2023-08-08 22:33:58,751.95
'25181,(),0.0,,,
'25201,"('Apgar', 'LakeMcDonald', 'Logan', 'RisingSun', 'SunPoint')",9660.0,2023-08-08 10:35:59,2023-08-08 16:51:54,375.9166666666667
'25231,"('Avalanche', 'Logan', 'RisingSun', 'StMary')",12578.0,2023-08-08 13:35:42,2023-08-09 00:04:25,628.7166666666667
'25241,"('Avalanche', 'LakeMcDonald')",14550.0,2023-08-08 13:07:51,2023-08-08 17:42:21,274.5
'25281,"('Loop', 'Logan', 'Apgar')",22980.0,2023-08-08 12:57:32,2023-08-08 20:48:47,471.25
'25291,"('LakeMcDonald', 'Apgar')",8733.0,2023-08-08 10:44:23,2023-08-08 15:11:11,266.8
'25311,"('Apgar', 'LakeMcDonald')",8456.0,2023-08-08 11:32:38,2023-08-08 15:34:33,241.91666666666666
'25321,"('Apgar', 'LakeMcDonald', 'Loop')",5253.0,2023-08-08 10:50:21,2023-08-08 14:45:54,235.55
'25331,"('Logan',)",7890.0,2023-08-08 13:00:05,2023-08-08 16:21:35,201.5
'25391,"('Apgar', 'Logan', 'Apgar')",4080.0,2023-08-08 12:36:03,2023-08-08 17:28:48,292.75
'25421,"('LakeMcDonald', 'Avalanche')",18810.0,2023-08-08 11:16:47,2023-08-08 16:42:31,325.73333333333335
'25431,"('Apgar', 'Avalanche', 'LakeMcDonald')",3600.0,2023-08-08 12:32:49,2023-08-08 14:59:04,146.25
'27341,"('LakeMcDonald',)",750.0,2023-08-08 12:55:53,2023-08-08 13:08:23,12.5
